id,internal_id,last_modify,is_planned,deleted,parent_regulator,regulator,regions,name,address,code,date_start,time_start,date_finish,time_finish,activity_type,timing,risk,in_complex,status,status_reason_not_conducted,link,result_act_date,result_act_number,result_act,sphere,sphere_id,inspectors,subject_person_pib,subject_person_position,subject_other_persons,subject_audio,subject_video,inspection_reasons,act_received,date_received_date,violations,document,sanction
a195dc876160ae3be3bf0004283ef167641fbcca,2051526,10-01-2020 16:12,0,0,Державне агентство рибного господарства України,Управління Державного агентства рибного господарства у Харківській області,False,"ТОВАРИСТВО З ОБМЕЖЕНОЮ ВІДПОВІДАЛЬНІСТЮ ""ФІШ-ТОРГ""","63541, Харківська обл., Чугуївський район, село Стара Гнилиця, ВУЛИЦЯ СХІДНА, будинок 44",41365426,2020-01-10 00:00:00,09:00,2020-01-10,13:30,дотримання вимог законодавства у сфері рибного господарства,1,False,,Проведено,,https://inspections.gov.ua/inspection/view?id=2051526,2020-01-10,1-0000-10,http://cdn.inspections.gov.ua/inspection/575816,Рибне господарство,105,"[{'pib': 'Титечко Олександр Васильович', 'position': 'начальник відділу іхтіології та регулювання рибальства', 'prof_competence': False, 'goodness': False}, {'pib': 'Мовчан Дмитро Олегович', 'position': 'головний державний інспектор відділу охорони водних біоресурсів ""Рибоохоронний патруль""', 'prof_competence': False, 'goodness': False}]",Вітченко Олексій Миколайович,директор,,Ні,Ні,"[{'document_reason_group': 'ЗУ ""Про основні засади державного нагляду (контролю) у сфері господарської діяльності"" від 05.04.2007 № 877-V', 'reason_base': 'Подання суб’єктом господарювання письмової заяви про здійснення заходу державного нагляду (контролю) за його бажанням'}]",Так,2020-01-10,,,
331659c74e0add6407437e5b1234dc4c6593939d,2051523,10-01-2020 15:58,0,0,Державне агентство рибного господарства України,Управління Державного агентства рибного господарства у Харківській області,False,"ФЕРМЕРСЬКЕ ГОСПОДАРСТВО ""НИВА""","62233, Харківська обл., Золочівський район, село Рясне, ВУЛИЦЯ ТАРАСІВСЬКА, будинок 8",30142078,2020-01-10 00:00:00,09:00,2020-01-10,15:00,дотримання вимог законодавства у сфері рибного господарства,1,False,,Проведено,,https://inspections.gov.ua/inspection/view?id=2051523,2020-01-10,2-0000-09,http://cdn.inspections.gov.ua/inspection/575772,Рибне господарство,105,"[{'pib': 'Стоянов Петро Дмитрович', 'position': 'заступник начальника відділу охорони водних біоресурсів ""Рибоохоронний патруль""', 'prof_competence': False, 'goodness': False}, {'pib': 'Потапова Марина Григорівна', 'position': 'головний спеціаліст відділу іхтіології та регулювання рибальства', 'prof_competence': False, 'goodness': False}]",Луппов Євген Миколайович,голова,,Ні,Ні,"[{'document_reason_group': 'ЗУ ""Про основні засади державного нагляду (контролю) у сфері господарської діяльності"" від 05.04.2007 № 877-V', 'reason_base': 'Перевірка виконання суб’єктом господарювання приписів, розпоряджень або інших розпорядчих документів щодо усунення порушень вимог законодавства'}]",Так,2020-01-10,,,
db25c73456b9af72989d1ecaafdcfd1879c181a6,2044990,24-12-2019 15:49,0,0,Державне агентство рибного господарства України,Управління Державного агентства рибного господарства у Харківській області,False,"ТОВАРИСТВО З ОБМЕЖЕНОЮ ВІДПОВІДАЛЬНІСТЮ ""АГРОФІРМА ""ЕКОПРОДУКТ""","61058, Харківська обл., місто Харків, Дзержинський район, ВУЛИЦЯ ДАНИЛЕВСЬКОГО, будинок 18, квартира 91",38772933,2019-12-24 00:00:00,09:00,2019-12-24,12:00,дотримання вимог законодавства у сфері рибного господарства,1,False,,Проведено,,https://inspections.gov.ua/inspection/view?id=2044990,2019-12-24,31-0000-271,http://cdn.inspections.gov.ua/inspection/555866,Рибне господарство,105,"[{'pib': 'Стоянов Петро Дмитрович', 'position': 'заступник начальника відділу охорони водних біоресурсів ""Рибоохоронний патруль""', 'prof_competence': False, 'goodness': False}, {'pib': 'Потапова Марина Григорівна', 'position': 'головний спеціаліст відділу іхтіології та регулювання рибальства', 'prof_competence': False, 'goodness': False}]",Мошенський О.О.,директор,,Ні,Ні,"[{'document_reason_group': 'ЗУ ""Про основні засади державного нагляду (контролю) у сфері господарської діяльності"" від 05.04.2007 № 877-V', 'reason_base': 'Перевірка виконання суб’єктом господарювання приписів, розпоряджень або інших розпорядчих документів щодо усунення порушень вимог законодавства'}]",Так,2019-12-24,,,
65dc9ac019998a943738e0d381f725f27a0c8185,2044973,24-12-2019 15:43,0,0,Державне агентство рибного господарства України,Управління Державного агентства рибного господарства у Харківській області,False,Климбовський Віталій Ігорович,"64605, Харківська обл., місто Лозова ВУЛИЦЯ КРАСНОДОНЦІВ буд. 3 кв. 3",ФОП,2019-12-24 00:00:00,09:00,2019-12-24,12:00,Дотримання вимог законодавства у сфері рибного господарства,1,False,,Проведено,,https://inspections.gov.ua/inspection/view?id=2044973,2019-12-24,30-0000-270,http://cdn.inspections.gov.ua/inspection/555819,Рибне господарство,105,"[{'pib': 'Титечко Олександр Васильович', 'position': 'начальник відділу іхтіології та регулювання рибальства', 'prof_competence': False, 'goodness': False}, {'pib': 'Гранкін Олександр Михайлович', 'position': 'головний державний інспектор відділу охорони водних біоресурсів ""Рибоохоронний патруль""', 'prof_competence': False, 'goodness': False}]",Климбовський В.І.,фізична особа підприємець,,Ні,Ні,"[{'document_reason_group': 'ЗУ ""Про основні засади державного нагляду (контролю) у сфері господарської діяльності"" від 05.04.2007 № 877-V', 'reason_base': 'Перевірка виконання суб’єктом господарювання приписів, розпоряджень або інших розпорядчих документів щодо усунення порушень вимог законодавства'}]",Так,2019-12-24,,,
d132724dfbf1d9df06cd2f7dea8f7351e76f459d,2039279,17-12-2019 14:07,0,0,Державне агентство рибного господарства України,Управління Державного агентства рибного господарства у Харківській області,False,"ПРИВАТНЕ АКЦІОНЕРНЕ ТОВАРИСТВО ""ПЕЧЕНІЗЬКЕ РИБОВОДНЕ ГОСПОДАРСТВО""","62801, Харківська обл., Печенізький район, 7 КМ АВТОДОРОГИ ПЕЧЕНІГИ-БАЗАЛІЇВКА",22628992,2019-12-17 00:00:00,09:00,2019-12-17,13:00,дотримання вимог законодавства у сфері рибного господарства,1,False,,Проведено,,https://inspections.gov.ua/inspection/view?id=2039279,2019-12-17,29-0000-266,http://cdn.inspections.gov.ua/inspection/540152,Рибне господарство,105,"[{'pib': 'Титечко Олександр Васильович', 'position': 'начальник відділу іхтіології та регулювання рибальства', 'prof_competence': False, 'goodness': False}, {'pib': 'Мовчан Дмитро Олегович', 'position': 'головний державний інспектор відділу охорони водних біоресурсів ""Рибоохоронний патруль""', 'prof_competence': False, 'goodness': False}]",Лисак Юрій Юрійович,в.о. голови правління,,Ні,Ні,"[{'document_reason_group': 'ЗУ ""Про основні засади державного нагляду (контролю) у сфері господарської діяльності"" від 05.04.2007 № 877-V', 'reason_base': 'Перевірка виконання суб’єктом господарювання приписів, розпоряджень або інших розпорядчих документів щодо усунення порушень вимог законодавства'}]",Так,2019-12-17,,,
a10edd252f4c4fa252115b60971e966de9ac776e,1965180,09-12-2019 13:29,0,0,Державне агентство рибного господарства України,Управління Державного агентства рибного господарства у Харківській області,False,"ТОВАРИСТВО З ОБМЕЖЕНОЮ ВІДПОВІДАЛЬНІСТЮ ""РИБГОСП ЛОЗОВЕНКІВСЬКИЙ""","62340, Харківська обл., Дергачівський район, село Черкаська Лозова, ВУЛИЦЯ 1 ТРАВНЯ, будинок 1",41590131,2019-12-09 02:00:00,09:00,2019-12-09 00:00:00,14:00,перевірка виконання вимог припису,1,False,0.0,Проведено,,https://inspections.gov.ua/inspection/view?id=1965180,2019-12-09 00:00:00,28-0000-265,False,Рибне господарство,105,"[{'pib': 'Стоянов Петро Дмитрович', 'position': 'заступник начальника відділу охорони водних біоресурсів ""Рибоохоронний патруль""', 'prof_competence': False, 'goodness': False}, {'pib': 'Потапова Марина Григорівна', 'position': 'головний спеціаліст відділу іхтіології та регулювання рибальства', 'prof_competence': False, 'goodness': False}]",Гужва  Г.В.,директор,,Ні,Ні,"[{'document_reason_group': 'ЗУ ""Про основні засади державного нагляду (контролю) у сфері господарської діяльності"" від 05.04.2007 № 877-V', 'reason_base': 'Перевірка виконання суб’єктом господарювання приписів, розпоряджень або інших розпорядчих документів щодо усунення порушень вимог законодавства'}]",Так,2019-12-09,,,"[{'is_document_not_done': False, 'violation_id': False, 'document': 'Кодекс України про адміністративні правопорушення', 'document_part': 'ст.188-5', 'type_label': 'Штраф, який визначається уповноваженим органом (посадовою особою) у межах, встановлених законом', 'type': 'fine_regulator', 'negative_efects_type': 'Інший', 'has_effect': '0', 'regulator': {'document_type': 'Постанова', 'document_date': '2019-12-09 00:00:00', 'document_number': '002992', 'sanction_fine_amount': '510', 'sanction_cancellation_date': False, 'sanction_cancellation_number': '', 'sanction_cancellation_term': '', 'sanction_property_description': '', 'sanction_amount': '510', 'appeal': False}}]"
3e7d47ab393b8f0e63f97f5f122bb20510e7f2d6,1708353,03-12-2019 13:33,0,0,Державне агентство рибного господарства України,Управління Державного агентства рибного господарства у Харківській області,False,Шириня Віктор Володимирович,"62153, Харківська обл., Богодухівський район, селище Першотравневе ВУЛИЦЯ ЩОРСА буд. 3",ФОП,2019-12-03 02:00:00,09:00,2019-12-03 00:00:00,14:00,дотримання вимог законодавства у сфері рибного господарства,1,False,0.0,Проведено,,https://inspections.gov.ua/inspection/view?id=1708353,2019-12-03 00:00:00,27-0000-264,http://cdn.inspections.gov.ua/inspection/526979,Рибне господарство,105,"[{'pib': 'Титечко Олександр Васильович', 'position': 'начальник відділу іхтіології та регулювання рибальства', 'prof_competence': False, 'goodness': False}, {'pib': 'Шкільов Валентин Володимирович', 'position': 'Головний державний інспектор відділу охорони водних біоресурсів ""Рибоохоронний патруль""', 'prof_competence': False, 'goodness': False}]",Шириня Віктор Володимирович,фізична особа підприємець,,Ні,Ні,"[{'document_reason_group': 'ЗУ ""Про основні засади державного нагляду (контролю) у сфері господарської діяльності"" від 05.04.2007 № 877-V', 'reason_base': 'Перевірка виконання суб’єктом господарювання приписів, розпоряджень або інших розпорядчих документів щодо усунення порушень вимог законодавства'}]",Так,2019-12-03,,,"[{'is_document_not_done': False, 'violation_id': False, 'document': 'Кодекс України про адміністративні правопорушення', 'document_part': 'ст.188-5', 'type_label': 'Штраф, який визначається уповноваженим органом (посадовою особою) у межах, встановлених законом', 'type': 'fine_regulator', 'negative_efects_type': False, 'has_effect': '0', 'regulator': {'document_type': 'Постанова', 'document_date': '2019-12-03 00:00:00', 'document_number': '002976', 'sanction_fine_amount': '340', 'sanction_cancellation_date': False, 'sanction_cancellation_number': '', 'sanction_cancellation_term': '', 'sanction_property_description': '', 'sanction_amount': '340', 'appeal': False}}]"
8ad7a58136ad0cbccb27de365d14905c5193d273,1707374,05-12-2019 12:55,0,0,Державне агентство рибного господарства України,Управління Державного агентства рибного господарства у Харківській області,False,"ТОВАРИСТВО З ОБМЕЖЕНОЮ ВІДПОВІДАЛЬНІСТЮ ""РИБГОСП ЛОЗОВЕНКІВСЬКИЙ""","62340, Харківська обл., Дергачівський район, село Черкаська Лозова, ВУЛИЦЯ 1 ТРАВНЯ, будинок 1",41590131,2019-12-04 02:00:00,,False,False,дотримання вимог законодавства у сфері рибного господарства,,Високий,0.0,Не проведено,недопущення до проведення позапланового заходу (відсутність керівника суб'єкта господарювання або уповномаженої ним особи) порушення обов'язку з допущення до перевірки ст. 11 Закону України про основні засади здійснення заходів державного нагляду (контролю),https://inspections.gov.ua/inspection/view?id=1707374,2019-12-04 00:00:00,--,http://cdn.inspections.gov.ua/inspection/529317,Рибне господарство,105,False,False,False,,Ні,Ні,"[{'document_reason_group': 'ЗУ ""Про основні засади державного нагляду (контролю) у сфері господарської діяльності"" від 05.04.2007 № 877-V', 'reason_base': 'Перевірка виконання суб’єктом господарювання приписів, розпоряджень або інших розпорядчих документів щодо усунення порушень вимог законодавства'}]",Ні,False,,,
5a6e3be85753c3f6e72ce3cf30181a9b2b8c7edb,1707373,03-12-2019 11:55,0,0,Державне агентство рибного господарства України,Управління Державного агентства рибного господарства у Харківській області,False,Скачков Юрій Володимирович,"63801, Харківська обл., Борівський район, селище міського типу Борова ВУЛИЦЯ ЄГОРА ШУТЬКА буд. 23",ФОП,2019-12-03 02:00:00,09:00,2019-12-03 00:00:00,12:00,дотримання вимог законодавства у сфері рибного господарства,1,Високий,0.0,Проведено,,https://inspections.gov.ua/inspection/view?id=1707373,2019-12-03 00:00:00,25-0000-246,http://cdn.inspections.gov.ua/inspection/526745,Рибне господарство,105,"[{'pib': 'Стукало Артем Володимирович', 'position': 'головний державний інспектор відділу охорони водних біоресурсів ""Рибоохронний патруль""', 'prof_competence': False, 'goodness': False}, {'pib': 'Бондаренко Андрій Анатолійович', 'position': 'старший державний інспектор відділу охорони водних біоресурсів ""рибоохоронний патруль""', 'prof_competence': False, 'goodness': False}]",Скачков Юрій Володимирович,фоп,,Ні,Ні,"[{'document_reason_group': 'ЗУ ""Про основні засади державного нагляду (контролю) у сфері господарської діяльності"" від 05.04.2007 № 877-V', 'reason_base': 'Перевірка виконання суб’єктом господарювання приписів, розпоряджень або інших розпорядчих документів щодо усунення порушень вимог законодавства'}]",Так,2019-12-03,,,
2536b9d6dd81c4a82b1acfd993e2aae821b8a938,1707370,03-12-2019 14:33,0,0,Державне агентство рибного господарства України,Управління Державного агентства рибного господарства у Харківській області,False,Слюсаренко  Олександр Сергійович,"61170, Харківська обл., місто Харків, Московський район ВУЛИЦЯ ГВАРДІЙЦІВ-ШИРОНІНЦІВ  буд. 43 А",ФОП,2019-12-03 02:00:00,09:00,2019-12-03 00:00:00,15:00,дотримання вимог законодавства у сфері рибного господарства,1,Високий,0.0,Проведено,,https://inspections.gov.ua/inspection/view?id=1707370,2019-12-03 00:00:00,24-0000-244,http://cdn.inspections.gov.ua/inspection/527160,Рибне господарство,105,"[{'pib': 'Стоянов Петро Дмитрович', 'position': 'заступник начальника відділу охорони водних біоресурсів ""Рибоохоронний патруль""', 'prof_competence': False, 'goodness': False}, {'pib': 'Потапова Марина Григорівна', 'position': 'головний спеціаліст відділу іхтіології та регулювання рибальства', 'prof_competence': False, 'goodness': False}]",Слюсаренко Олександр Сергійович,фізична особа підприємець,,Ні,Ні,"[{'document_reason_group': 'ЗУ ""Про основні засади державного нагляду (контролю) у сфері господарської діяльності"" від 05.04.2007 № 877-V', 'reason_base': 'Перевірка виконання суб’єктом господарювання приписів, розпоряджень або інших розпорядчих документів щодо усунення порушень вимог законодавства'}]",Так,2019-12-03,,,
1a136f875f766a4141a1b866d025c173d2e51359,1703306,20-11-2019 13:03,0,0,Державне агентство рибного господарства України,Управління Державного агентства рибного господарства у Харківській області,False,"ПРИВАТНЕ ПІДПРИЄМСТВО ""ЗАБРИБГОСП""","62103, Харківська обл., Богодухівський район, село Москаленки, ВУЛИЦЯ МОСКАЛЕНКИ, будинок 9-А",41785565,2019-11-19 02:00:00,09:00,2019-11-19 00:00:00,14:00,дотримання вимог законодавства у сфері рибного господарства,1,False,0.0,Проведено,,https://inspections.gov.ua/inspection/view?id=1703306,2019-11-20 00:00:00,21-0000-233,http://cdn.inspections.gov.ua/inspection/513299,Рибне господарство,105,"[{'pib': 'Титечко Олександр Васильович', 'position': 'начальник відділу іхтіології та регулювання рибальства', 'prof_competence': False, 'goodness': False}, {'pib': 'Шкільов Валентин Володимирович', 'position': 'Головний державний інспектор відділу охорони водних біоресурсів ""Рибоохоронний патруль""', 'prof_competence': False, 'goodness': False}]",Трофімов Едуард Миколайович,директор,,Ні,Ні,"[{'document_reason_group': 'ЗУ ""Про основні засади державного нагляду (контролю) у сфері господарської діяльності"" від 05.04.2007 № 877-V', 'reason_base': 'Перевірка виконання суб’єктом господарювання приписів, розпоряджень або інших розпорядчих документів щодо усунення порушень вимог законодавства'}]",Так,2019-11-20,,,
1b500d0851f8c602ab7dd62de506bb70153eed69,1703293,15-11-2019 12:03,0,0,Державне агентство рибного господарства України,Управління Державного агентства рибного господарства у Харківській області,False,"ПРИВАТНЕ СІЛЬСЬКОГОСПОДАРСЬКЕ ПІДПРИЄМСТВО ""ДЕМЕТРА""","62405, Харківська обл., Харківський район, селище Кутузівка, ВУЛИЦЯ ШКІЛЬНА, будинок 4",31827163,2019-11-15 02:00:00,09:00,2019-11-15 00:00:00,14:00,дотримання вимог законодавства у сфері рибного господарства,1,False,0.0,Проведено,,https://inspections.gov.ua/inspection/view?id=1703293,2019-11-15 00:00:00,20-0000-232,False,Рибне господарство,105,"[{'pib': 'Титечко Олександр Васильович', 'position': 'начальник відділу іхтіології та регулювання рибальства', 'prof_competence': False, 'goodness': False}, {'pib': 'Шкільов Валентин Володимирович', 'position': 'Головний державний інспектор відділу охорони водних біоресурсів ""Рибоохоронний патруль""', 'prof_competence': False, 'goodness': False}]",Кириченко Наталія Олексіївна,директор,,Ні,Ні,"[{'document_reason_group': 'ЗУ ""Про основні засади державного нагляду (контролю) у сфері господарської діяльності"" від 05.04.2007 № 877-V', 'reason_base': 'Перевірка виконання суб’єктом господарювання приписів, розпоряджень або інших розпорядчих документів щодо усунення порушень вимог законодавства'}]",Так,2019-11-15,,,
216a5f6b8d337032a3918164c44a252e3089925d,1693261,18-10-2019 09:56,0,0,Державне агентство рибного господарства України,Управління Державного агентства рибного господарства у Харківській області,False,"ТОВАРИСТВО З ОБМЕЖЕНОЮ ВІДПОВІДАЛЬНІСТЮ УКРАЇНСЬКА ЕКОЛОГІЧНА ІНВЕСТИЦІЙНА КОМПАНІЯ "" УКРЕКОІНВЕСТ ""","62250, Харківська обл., Золочівський район, село Вікнине, ВУЛИЦЯ ПРИОЗЕРНА, будинок 2",33065289,2019-10-16 03:00:00,09:00,2019-10-16 00:00:00,13:00,дотримання вимог законодавства у сфері рибного господарства,1,False,0.0,Проведено,,https://inspections.gov.ua/inspection/view?id=1693261,2019-10-16 00:00:00,14-0000-14,http://cdn.inspections.gov.ua/inspection/477099,Рибне господарство,105,"[{'pib': 'Титечко Олександр Васильович', 'position': 'начальник відділу іхтіології та регулювання рибальства', 'prof_competence': False, 'goodness': False}, {'pib': 'Стоянов Петро Дмитрович', 'position': 'заступник начальника відділу охорони водних біоресурсів ""Рибоохоронний патруль""', 'prof_competence': False, 'goodness': False}]",Котелевський Віталій Володимирович,"директор ТОВ ""УКРЕКОІНВЕСТ""",,Ні,Ні,"[{'document_reason_group': 'ЗУ ""Про основні засади державного нагляду (контролю) у сфері господарської діяльності"" від 05.04.2007 № 877-V', 'reason_base': 'Перевірка виконання суб’єктом господарювання приписів, розпоряджень або інших розпорядчих документів щодо усунення порушень вимог законодавства'}]",Так,2019-10-16,,,"[{'is_document_not_done': False, 'violation_id': False, 'document': 'Кодекс України про адміністративні правопорушення', 'document_part': 'ст.188-5', 'type_label': 'Штраф, який визначається уповноваженим органом (посадовою особою) у межах, встановлених законом', 'type': 'fine_regulator', 'negative_efects_type': 'Інший', 'has_effect': '0', 'regulator': {'document_type': 'Постанова', 'document_date': '2019-10-17 00:00:00', 'document_number': '002698', 'sanction_fine_amount': '510', 'sanction_cancellation_date': False, 'sanction_cancellation_number': '', 'sanction_cancellation_term': '', 'sanction_property_description': '', 'sanction_amount': '510', 'appeal': False}}]"
65a236887c3f9d4ee20fda8a65eb3bb3e5558e41,1670634,02-08-2019 10:32,0,0,Державне агентство рибного господарства України,Управління Державного агентства рибного господарства у Харківській області,False,"ПРИВАТНЕ АГРАРНО-ОРЕНДНЕ ПІДПРИЄМСТВО ""ПРОМІНЬ""","63361, Харківська обл., Красноградський район, село Кобзівка",30713300,2019-08-02 03:00:00,08:00,2019-08-02 00:00:00,13:00,дотримання законодавства у сфері рибного господарства (перевірка виконання вимог припису),1,Незначний,0.0,Проведено,,https://inspections.gov.ua/inspection/view?id=1670634,2019-08-02 00:00:00,4-0000-131,False,Рибне господарство,105,"[{'pib': 'Титечко Олександр Васильович', 'position': 'начальник відділу іхтіології та регулювання рибальства', 'prof_competence': False, 'goodness': False}, {'pib': 'Шкільов Валентин Володимирович', 'position': 'Головний державний інспектор відділу охорони водних біоресурсів ""Рибоохоронний патруль""', 'prof_competence': False, 'goodness': False}]",Луговий Сергій Григорович,"Генеральний директор приватного аграрно-орендного підприємства ""Промінь""",,Ні,Ні,"[{'document_reason_group': 'ЗУ ""Про основні засади державного нагляду (контролю) у сфері господарської діяльності"" від 05.04.2007 № 877-V', 'reason_base': 'Перевірка виконання суб’єктом господарювання приписів, розпоряджень або інших розпорядчих документів щодо усунення порушень вимог законодавства'}]",Так,2019-08-02,,,
fe5879f7fbef20432fcbec40374293181f537255,1375594,20-06-2019 09:17,0,0,Державне агентство рибного господарства України,Управління Державного агентства рибного господарства у Харківській області,False,"КОМУНАЛЬНЕ ПІДПРИЄМСТВО ""ХАРКІВВОДОКАНАЛ""","61013, Харківська обл., місто Харків, Київський район ВУЛИЦЯ ШЕВЧЕНКА буд. 2",03361715,2018-12-27 02:00:00,10:00,2018-12-27 00:00:00,17:00,додержання вимог законодавства у сфері рибного господарства,1,Середній,0.0,Проведено,,https://inspections.gov.ua/inspection/view?id=1375594,2018-12-27 00:00:00,12-155-7832,False,Рибне господарство,105,"[{'pib': 'Титечко Олександр Васильович', 'position': 'начальник відділу іхтіології та регулювання рибальства', 'prof_competence': False, 'goodness': False}, {'pib': 'Руденко Радислав Федорович', 'position': 'головний спеціаліст сектору юридичної роботи', 'prof_competence': False, 'goodness': False}]",Коваленко Олександр Михайлович,перший заступник генерального директора,,Ні,Ні,"[{'document_reason_group': 'ЗУ ""Про основні засади державного нагляду (контролю) у сфері господарської діяльності"" від 05.04.2007 № 877-V', 'reason_base': 'Звернення фізичної особи (фізичних осіб) про порушення, що спричинило шкоду її (їхнім) правам, законним інтересам, життю чи здоров’ю, навколишньому природному середовищу чи безпеці держави'}]",Ні,False,,,
1d94c237bbd395479088057f3ac5e92532f9c5a8,1371084,20-06-2019 09:17,0,0,Державне агентство рибного господарства України,Управління Державного агентства рибного господарства у Харківській області,False,ХАРКІВСЬКЕ МІЖРАЙОННЕ УПРАВЛІННЯ ВОДНОГО ГОСПОДАРСТВА,"62489, Харківська обл., Харківський район, селище міського типу Безлюдівка, ВУЛ.ЧАЙКОВСЬКОГО, будинок 210-А",01033674,2018-12-07 02:00:00,08:00,2018-12-07 00:00:00,15:00,"виконання вимог припису щодо усунення порушень, виявлених під час проведення позапланової перевірки суб'єктом господарювання у сфері охорони, використання і відтворення водних біоресурсів",1,False,0.0,Проведено,,https://inspections.gov.ua/inspection/view?id=1371084,2018-12-07 00:00:00,11-150-0000,http://cdn.inspections.gov.ua/inspection/172768,Рибне господарство,105,"[{'pib': 'Руденко Радислав Федорович', 'position': 'головний спеціаліст сектору юридичної роботи', 'prof_competence': False, 'goodness': False}]",Караченцева В.О.,Начальник Харківського міжрайонного управління водного господарства,,Ні,Ні,"[{'document_reason_group': 'ЗУ ""Про основні засади державного нагляду (контролю) у сфері господарської діяльності"" від 05.04.2007 № 877-V', 'reason_base': 'Перевірка виконання суб’єктом господарювання приписів, розпоряджень або інших розпорядчих документів щодо усунення порушень вимог законодавства'}]",Ні,False,"[{'id': '454912', 'description': '', 'documents': [{'document': 'Про рибне господарство, промислове рибальство та охорону водних біоресурсів', 'document_part': ''}]}]",,
1edcc3c2e7e1fc6f2264116036bf09d1ab72c542,1362959,20-06-2019 09:17,0,0,Державне агентство рибного господарства України,Управління Державного агентства рибного господарства у Харківській області,False,ФІЗИЧНА ОСОБА-ПІДПРИЄМЕЦЬ КЛІМАШОВ РОМАН БОРИСОВИЧ,,ФОП,2018-10-30 02:00:00,11:00,2018-10-30 00:00:00,15:00,"виконання вимог припису щодо усунення порушень, виявлених під час проведення позапланової перевірки суб'єктом господарювання у сфері охорони, використання і відтворення водних біоресурсів",1,Незначний,0.0,Проведено,,https://inspections.gov.ua/inspection/view?id=1362959,2018-10-30 00:00:00,010-131-0000,http://cdn.inspections.gov.ua/inspection/157190,Рибне господарство,105,"[{'pib': 'Руденко Радислав Федорович', 'position': 'головний спеціаліст сектору юридичної роботи', 'prof_competence': False, 'goodness': False}]",Клімашов Роман Борисович,ФОП,,Ні,Ні,"[{'document_reason_group': 'ЗУ ""Про основні засади державного нагляду (контролю) у сфері господарської діяльності"" від 05.04.2007 № 877-V', 'reason_base': 'Перевірка виконання суб’єктом господарювання приписів, розпоряджень або інших розпорядчих документів щодо усунення порушень вимог законодавства'}]",Ні,False,"[{'id': '363076', 'description': 'Невиконання вимог припису', 'documents': [{'document': 'Кодекс України про адміністративні правопорушення', 'document_part': 'ст.188-5'}]}]",,"[{'is_document_not_done': True, 'violation_id': '363076', 'document': 'Кодекс України про адміністративні правопорушення', 'document_part': 'ч.1 чт. 188-5', 'type_label': 'Штраф, який визначається уповноваженим органом (посадовою особою) у межах, встановлених законом', 'type': 'fine_regulator', 'negative_efects_type': 'Інший', 'has_effect': '0', 'regulator': {'document_type': 'Постанова', 'document_date': '2018-10-30 00:00:00', 'document_number': '№ 001751', 'sanction_fine_amount': '255', 'sanction_cancellation_date': False, 'sanction_cancellation_number': '', 'sanction_cancellation_term': '', 'sanction_property_description': '', 'sanction_amount': '255', 'appeal': False}}]"
5b010e00f2308ecc804c415d2e5b3e2dcb984e1c,1360772,20-06-2019 09:17,0,0,Державне агентство рибного господарства України,Управління Державного агентства рибного господарства у Харківській області,False,ФІЗИЧНА ОСОБА-ПІДПРИЄМЕЦЬ КЛІМАШОВ РОМАН БОРИСОВИЧ,"61172, Харківська область, м. Харків, вул. Зубарєва, буд.35, кв 32",ФОП,2018-10-11 03:00:00,09:00,2018-10-12 00:00:00,12:00,додержання вимог законодавства у сфері рибного господарства,2,Середній,0.0,Проведено,,https://inspections.gov.ua/inspection/view?id=1360772,2018-10-12 00:00:00,009-114-7271,http://cdn.inspections.gov.ua/inspection/152009,Рибне господарство,105,"[{'pib': 'Титечко Олександр Васильович', 'position': 'начальник відділу іхтіології та регулювання рибальства', 'prof_competence': False, 'goodness': False}, {'pib': 'Руденко Радислав Федорович', 'position': 'головний спеціаліст сектору юридичної роботи', 'prof_competence': False, 'goodness': False}]",,,"[{'pib': 'Клімашов Роман Борисович', 'position': 'Фізична особа-підприємець'}]",Ні,Ні,"[{'document_reason_group': 'ЗУ ""Про основні засади державного нагляду (контролю) у сфері господарської діяльності"" від 05.04.2007 № 877-V', 'reason_base': 'Звернення фізичної особи (фізичних осіб) про порушення, що спричинило шкоду її (їхнім) правам, законним інтересам, життю чи здоров’ю, навколишньому природному середовищу чи безпеці держави'}]",Ні,False,"[{'id': '333378', 'description': 'Використання водних біоресурсів без дозвільних документів', 'documents': [{'document': 'Про рибне господарство, промислове рибальство та охорону водних біоресурсів', 'document_part': 'ст.27'}]}, {'id': '333379', 'description': 'Не визначення місць для любительського рибальства', 'documents': [{'document': 'Про рибне господарство, промислове рибальство та охорону водних біоресурсів', 'document_part': 'ст.35'}]}]",,
e3bffe0c6676835d1c3c7b31343bd00ee2e81def,1349398,20-06-2019 09:17,0,0,Державне агентство рибного господарства України,Управління Державного агентства рибного господарства у Харківській області,False,"ТОВАРИСТВО З ОБМЕЖЕНОЮ ВІДПОВІДАЛЬНІСТЮ ""АГРОФІРМА ""ПРОМТЕХ""","61129, Харківська обл., місто Харків, Московський район, ВУЛИЦЯ СВІТЛА , будинок 43, квартира 101",31645524,2018-07-18 03:00:00,05:00,2018-07-18 00:00:00,07:00,"виконання вимог припису щодо усунення порушень, виявлених під час проведення позапланової перевірки суб'єктом господарювання у сфері охорони, використання і відтворення водних біоресурсів",1,Незначний,0.0,Проведено,,https://inspections.gov.ua/inspection/view?id=1349398,2018-07-18 00:00:00,008-88-0000,http://cdn.inspections.gov.ua/inspection/125061,Рибне господарство,105,"[{'pib': 'Титечко Олександр Васильович', 'position': 'начальник відділу іхтіології та регулювання рибальства', 'prof_competence': False, 'goodness': False}]",Черемісін Сергій Олександрович,"Директор ТОВ ""Агрофірма""Промтех""",,Ні,Ні,"[{'document_reason_group': 'ЗУ ""Про основні засади державного нагляду (контролю) у сфері господарської діяльності"" від 05.04.2007 № 877-V', 'reason_base': 'Перевірка виконання суб’єктом господарювання приписів, розпоряджень або інших розпорядчих документів щодо усунення порушень вимог законодавства'}]",Ні,False,,,
736862b0eafb01a7e5e8abc6c1fc47e88fe68368,1348726,20-06-2019 09:17,0,0,Державне агентство рибного господарства України,Управління Державного агентства рибного господарства у Харківській області,False,ХАРКІВСЬКЕ МІЖРАЙОННЕ УПРАВЛІННЯ ВОДНОГО ГОСПОДАРСТВА,"62489, Харківська обл., Харківський район, селище міського типу Безлюдівка, ВУЛ.ЧАЙКОВСЬКОГО, будинок 210-А",01033674,2018-07-12 03:00:00,09:00,2018-07-13 00:00:00,15:00,дотримання вимог законодавства у сфері охорони водних біоресурсів,2,False,0.0,Проведено,,https://inspections.gov.ua/inspection/view?id=1348726,2018-07-13 00:00:00,007-87-6506,http://cdn.inspections.gov.ua/inspection/123390,Рибне господарство,105,"[{'pib': 'Руденко Радислав Федорович', 'position': 'головний спеціаліст сектору юридичної роботи', 'prof_competence': False, 'goodness': False}]",Караченцева Валентина Олександрівна,Начальник Харківського міжрайонного управління водного господарства,,Ні,Ні,"[{'document_reason_group': 'ЗУ ""Про основні засади державного нагляду (контролю) у сфері господарської діяльності"" від 05.04.2007 № 877-V', 'reason_base': 'Звернення фізичної особи (фізичних осіб) про порушення, що спричинило шкоду її (їхнім) правам, законним інтересам, життю чи здоров’ю, навколишньому природному середовищу чи безпеці держави'}]",Ні,False,"[{'id': '157695', 'description': 'Використання неефективного рибозахисного обладнання на водозабірній споруді', 'documents': [{'document': 'Про рибне господарство, промислове рибальство та охорону водних біоресурсів', 'document_part': 'ст.17'}]}]","[{'type': False, 'date': '2018-07-18 00:00:00', 'number': '005', 'person_who_signed': 'Начальник відділу іхтіології та регулювання рибальства Титечко Олександр Васильович', 'violations': False, 'appeal': {'date': False, 'result_status': False, 'result_date': False, 'result_number': ''}, 'appeal_court': False, 'status': 'Не визначено', 'administrative_document_file': 'http://cdn.inspections.gov.ua/inspection/123390', 'note': False}]",
49113a7e60b9f9e6b4fcb18cc863875408e2499d,1347606,20-06-2019 09:17,0,0,Державне агентство рибного господарства України,Управління Державного агентства рибного господарства у Харківській області,False,"ТОВАРИСТВО З ОБМЕЖЕНОЮ ВІДПОВІДАЛЬНІСТЮ ""АГРОФІРМА ""ПРОМТЕХ""","61129, Харківська обл., місто Харків, Московський район, ВУЛИЦЯ СВІТЛА , будинок 43, квартира 101",31645524,2018-06-27 03:00:00,05:00,2018-06-27 00:00:00,07:00,дотримання вимог законодавства у сфері охорони та використнання водних біоресурсів (Правил рибальства та Режиму рибальства),1,Незначний,0.0,Проведено,,https://inspections.gov.ua/inspection/view?id=1347606,2018-06-27 00:00:00,006-85-3348,http://cdn.inspections.gov.ua/inspection/120676,Рибне господарство,105,"[{'pib': 'Титечко Олександр Васильович', 'position': 'начальник відділу іхтіології та регулювання рибальства', 'prof_competence': False, 'goodness': False}, {'pib': 'Стоянов Петро Дмитрович', 'position': 'заступник начальника відділу охорони водних біоресурсів ""Рибоохоронний патруль""', 'prof_competence': False, 'goodness': False}]",Черемісін Сергій Олександрович,"Директор ТОВ ""Агрофірма""ПРОМТЕХ""",,Ні,Ні,"[{'document_reason_group': 'ЗУ ""Про основні засади державного нагляду (контролю) у сфері господарської діяльності"" від 05.04.2007 № 877-V', 'reason_base': 'Звернення фізичної особи (фізичних осіб) про порушення, що спричинило шкоду її (їхнім) правам, законним інтересам, життю чи здоров’ю, навколишньому природному середовищу чи безпеці держави'}]",Ні,False,"[{'id': '136762', 'description': 'порушення вимог правил рибальства', 'documents': [{'document': 'Про рибне господарство, промислове рибальство та охорону водних біоресурсів', 'document_part': 'абз.3 ст.35'}]}]","[{'type': False, 'date': '2018-07-02 00:00:00', 'number': '003', 'person_who_signed': 'головний спеціаліст сектору юридичної роботи Руденко Р.Ф.', 'violations': False, 'appeal': {'date': False, 'result_status': False, 'result_date': False, 'result_number': ''}, 'appeal_court': False, 'status': 'Не визначено', 'administrative_document_file': 'http://cdn.inspections.gov.ua/inspection/120676', 'note': False}]",
0ac30055802ac5b5fcf1d17f0328a682ef841627,1213282,20-06-2019 09:17,0,0,Державне агентство рибного господарства України,Управління Державного агентства рибного господарства у Харківській області,False,Костиря Роман Олександрович,"63753, Харківська обл., Куп'янський район, село Кругляківка ВУЛИЦЯ СОСНОВА буд. 64",ФОП,2018-04-13 03:00:00,09:00,2018-04-14 00:00:00,16:00,дотримання вимог законодавства у сфері охорони та використання водних біоресурсів,2,Незначний,0.0,Проведено,,https://inspections.gov.ua/inspection/view?id=1213282,2018-04-14 00:00:00,005-46-0000,http://cdn.inspections.gov.ua/inspection/6339,Рибне господарство,105,"[{'pib': 'Бондаренко Андрій Анатолійович', 'position': 'старший державний інспектор відділу охорони водних біоресурсів ""рибоохоронний патруль""', 'prof_competence': False, 'goodness': False}, {'pib': 'Мороз Володимир Вікторович', 'position': 'провідний державний інспектор відділу охорони водних біоресурсів ""Рибоохоронний патруль""', 'prof_competence': False, 'goodness': False}, {'pib': 'Руденко Радислав Федорович', 'position': 'головний спеціаліст сектору юридичної роботи', 'prof_competence': False, 'goodness': False}]",Костиря Роман Олександрович,фізична особа підприємець,,Ні,Ні,"[{'document_reason_group': 'ЗУ ""Про основні засади державного нагляду (контролю) у сфері господарської діяльності"" від 05.04.2007 № 877-V', 'reason_base': 'Перевірка виконання суб’єктом господарювання приписів, розпоряджень або інших розпорядчих документів щодо усунення порушень вимог законодавства'}]",Ні,False,,,
4a83300f771ca7f5e97cff291dc0e853195a17e4,1213281,20-06-2019 09:17,0,0,Державне агентство рибного господарства України,Управління Державного агентства рибного господарства у Харківській області,False,"ТОВАРИСТВО З ОБМЕЖЕНОЮ ВІДПОВІДАЛЬНІСТЮ ""АГРОФІРМА ""ПРОМТЕХ""","61129, Харківська обл., місто Харків, Московський район, ВУЛИЦЯ СВІТЛА , будинок 43, квартира 101",31645524,False,,False,,"виконання вимог припису щодо усунення порушень, виявлених під час проведення позапланової перевірки суб'єктом господарювання у сфері охорони, використання і відтворення водних біоресурсів",,Незначний,0.0,Не проведено,хвороба керівника суб'єкта господарювання,https://inspections.gov.ua/inspection/view?id=1213281,False,,False,Рибне господарство,105,False,,,,Ні,Ні,"[{'document_reason_group': 'ЗУ ""Про основні засади державного нагляду (контролю) у сфері господарської діяльності"" від 05.04.2007 № 877-V', 'reason_base': 'Перевірка виконання суб’єктом господарювання приписів, розпоряджень або інших розпорядчих документів щодо усунення порушень вимог законодавства'}]",Ні,False,,,
e10fc4a90201e04d9a19370031a7de44147722c0,1212496,20-06-2019 09:17,0,0,Державне агентство рибного господарства України,Управління Державного агентства рибного господарства у Харківській області,False,ЛИМАНСЬКЕ ДЕРЖАВНЕ ВИРОБНИЧЕ СІЛЬСЬКОГОСПОДАРСЬКО - РИБОВОДНЕ ПІДПРИЄМСТВО,"63460, Харківська обл., Зміївський район, селище міського типу Слобожанське  БАЛАКЛІЙСЬКЕ ШОСЕ буд. 48",24339861,2018-03-26 03:00:00,10:00,False,16:00,дотримання вимог законодавства у сфері охорони та використання водних біоресурсів,2,Середній,0.0,Проведено,,https://inspections.gov.ua/inspection/view?id=1212496,2018-03-27 00:00:00,003-39-2397,http://cdn.inspections.gov.ua/inspection/4712,Рибне господарство,105,"[{'pib': 'Гранкін Олександр Михайлович', 'position': 'головний державний інспектор відділу охорони водних біоресурсів ""Рибоохоронний патруль""', 'prof_competence': False, 'goodness': False}, {'pib': 'Титечко Олександр Васильович', 'position': 'начальник відділу іхтіології та регулювання рибальства', 'prof_competence': False, 'goodness': False}]",Панченко Олексій Олександрович,Директор Лиманського державного сільськогосподарсько рибоводного підприємства,,Ні,Ні,"[{'document_reason_group': 'ЗУ ""Про основні засади державного нагляду (контролю) у сфері господарської діяльності"" від 05.04.2007 № 877-V', 'reason_base': 'Звернення фізичної особи (фізичних осіб) про порушення, що спричинило шкоду її (їхнім) правам, законним інтересам, життю чи здоров’ю, навколишньому природному середовищу чи безпеці держави'}]",Ні,False,,,
4d40df1f62b58eed3c15c57880dba8cb029306d6,1211622,20-06-2019 09:17,0,0,Державне агентство рибного господарства України,Управління Державного агентства рибного господарства у Харківській області,False,Фізична особа-підприємець Костиря Роман Олександрович,Червонооскільське водосховище в межах території Харківської області,ФОП,2018-02-28 02:00:00,9:00,2018-03-01 00:00:00,12:00,дотримання вимог законодавства у сфері охорони та використання водних біоресурсів(Правил промислового рибальства та Режиму рибальства),2,Незначний,0.0,Проведено,,https://inspections.gov.ua/inspection/view?id=1211622,2018-03-01 00:00:00,001-23-1704,http://cdn.inspections.gov.ua/inspection/2028,Рибне господарство,105,"[{'pib': 'Гранкін О.М., Лисенко Р.Б., Рєпка Р.Л.', 'position': 'головний державний інспектор відділу охорони водних біоресурсів ""Рибоохоронний патруль"", головний державний інспектор відділу охорони водних біоресурсів ""Рибоохоронний патруль"",головний державний інспектор відділу охорони водних біоресурсів ""Рибоохоронний патруль""', 'prof_competence': False, 'goodness': False}]",Костиря Роман Олександрович,ФОП,,Ні,Ні,"[{'document_reason_group': 'Про тимчасові особливості здійснення заходів державного нагляду (контролю) у сфері господарської діяльності"" від 01.01.2018 № 1728-19', 'reason_base': 'Звернення фізичної особи про порушення суб’єктом господарювання її законних прав'}]",Ні,False,,,
5865c6a0e60f3427c51435ffb5d536ad210e86b4,1211619,20-06-2019 09:17,0,0,Державне агентство рибного господарства України,Управління Державного агентства рибного господарства у Харківській області,False,"ТОВАРИСТВО З ОБМЕЖЕНОЮ ВІДПОВІДАЛЬНІСТЮ ""АГРОФІРМА ""ПРОМТЕХ""","61129, Харківська обл., місто Харків, Московський район, ВУЛИЦЯ СВІТЛА , будинок 43, квартира 101",31645524,2018-02-28 02:00:00,9:00,2018-03-01 00:00:00,12:00,дотримання вимог законодавства у сфері охорони та використання водних біоресурсів (Правил промислового рибальства та Режиму рибальства).,2,Незначний,0.0,Проведено,,https://inspections.gov.ua/inspection/view?id=1211619,2018-03-01 00:00:00,002-24-1705,http://cdn.inspections.gov.ua/inspection/2018,Рибне господарство,105,False,Синицький Олександр Іванович,відповідальний за добування (вилов),,Ні,Ні,"[{'document_reason_group': 'Про тимчасові особливості здійснення заходів державного нагляду (контролю) у сфері господарської діяльності"" від 01.01.2018 № 1728-19', 'reason_base': 'Звернення фізичної особи про порушення суб’єктом господарювання її законних прав'}]",Ні,False,,,
